title,link,date,country
Moderna says updated mNEXSPIKE induces strong immune response,https://www.fiercepharma.com/pharma/moderna-says-updated-mnexspike-induces-strong-immune-response-against-rising-covid-strain,"Sep 23, 2025 10:15am",USA
Arkivum and PHARMASEAL Partner to Streamline Clinical Trial Data Archiving,https://www.contractpharma.com/breaking-news/arkivum-and-pharmaseal-partner-to-streamline-clinical-trial-data-archiving/,,USA
RION Partners with Lonza for Scalable Exosome-Based Drug Manufacturing,https://www.contractpharma.com/breaking-news/rion-partners-with-lonza-for-scalable-exosome-based-drug-manufacturing/,,USA
"eXmoor, Siam Bioscience Partner to Establish CGT Services in Southeast Asia",https://www.contractpharma.com/breaking-news/exmoor-siam-bioscience-partner-to-establish-cgt-services-in-southeast-asia/,,USA
Powering Patient-Centric Delivery: How Partnerships Are Transforming Fill-Finish Services,https://www.contractpharma.com/library/powering-patient-centric-delivery-how-partnerships-are-transforming-fill-finish-services/,,USA
"Logistics Strategies to Reduce Costs in Decentralized Clinical Trials
How integrated logistics partners streamline decentralized trials, control costs, and protect ROI.",https://www.contractpharma.com/library/logistics-strategies-to-reduce-costs-in-decentralized-clinical-trials/,,USA
"Radiopharmaceuticals Venture, Innovation & Partnering Summit",https://www.contractpharma.com/event/,"September 30 - October 1, 2025",USA
"Upperton Pharma Solutions Awarded VaxHub Sustainable Grant 
In partnership with the University of Oxford’s Pandemic Sciences Institute, the grant will advance oral vaccine delivery.",https://www.contractpharma.com/breaking-news/upperton-pharma-solutions-awarded-vaxhub-sustainable-grant/,,USA
"Arkivum and PHARMASEAL Partner to Streamline Clinical Trial Data Archiving
Integrated trial management platform now offers a complete, end-to-end trial technology solution.",https://www.contractpharma.com/breaking-news/arkivum-and-pharmaseal-partner-to-streamline-clinical-trial-data-archiving/,,USA
"RION Partners with Lonza for Scalable Exosome-Based Drug Manufacturing
Collaboration aims to scale Rion’s proprietary exosome manufacturing platform.",https://www.contractpharma.com/breaking-news/rion-partners-with-lonza-for-scalable-exosome-based-drug-manufacturing/,,USA
"eXmoor, Siam Bioscience Partner to Establish CGT Services in Southeast Asia
Will build a center for Cell and Gene Therapy (CGT) development and manufacturing near Bangkok, in Thailand.",https://www.contractpharma.com/breaking-news/exmoor-siam-bioscience-partner-to-establish-cgt-services-in-southeast-asia/,,USA
"Using AI and Advanced Analytics to Transform Clinical Trials
Ken McFarlane of CluePoints shares insight on better, smarter ways to detect risk, streamline data review, and automate oversight.",https://www.contractpharma.com/exclusives/using-ai-and-advanced-analytics-to-transform-clinical-trials/,,USA
